[{"model": "equipements.product", "pk": "p-bad-001", "fields": {"sku": "REF-P-BAD-001", "name": "Chaussures badminton court grip 900", "description": "Chaussure indoor stable et legere pour les changements de direction rapides sur terrain.", "category": "CHAUSSURES", "brand": "Aptonia", "price": "84.99", "rating": 4.6, "review_count": 18, "warranty_months": 12, "delivery_days": 1, "in_stock": false, "stock_count": 0, "card_image": "/src/assets/products/p-bad-001-1.png"}}, {"model": "equipements.product", "pk": "p-bad-002", "fields": {"sku": "REF-P-BAD-002", "name": "Raquette badminton power strike 78", "description": "Raquette equilibree orientee puissance, ideale pour un jeu offensif et des smashs repetes.", "category": "MATERIEL", "brand": "Kalenji", "price": "69.99", "rating": 4.4, "review_count": 42, "warranty_months": 24, "delivery_days": 2, "in_stock": true, "stock_count": 12, "card_image": "/src/assets/products/p-bad-002-1.png"}}, {"model": "equipements.product", "pk": "p-bas-001", "fields": {"sku": "REF-P-BAS-001", "name": "Chaussures basketball jump elite 700", "description": "Amorti dynamique et maintien lateral renforce pour les appuis explosifs.", "category": "CHAUSSURES", "brand": "Kipsta", "price": "94.99", "rating": 4.6, "review_count": 54, "warranty_months": 24, "delivery_days": 1, "in_stock": true, "stock_count": 7, "card_image": "/src/assets/products/p-bas-001-1.png"}}, {"model": "equipements.product", "pk": "p-cyc-001", "fields": {"sku": "REF-P-CYC-001", "name": "Casque velo route safe ride 300", "description": "Casque aeroventile ajuste avec molette arriere pour les sorties route et velotaf.", "category": "MATERIEL", "brand": "Kalenji", "price": "39.99", "rating": 4.6, "review_count": 34, "warranty_months": 24, "delivery_days": 1, "in_stock": true, "stock_count": 5, "card_image": "/src/assets/products/p-cyc-001-1.png"}}, {"model": "equipements.product", "pk": "p-cyc-002", "fields": {"sku": "REF-P-CYC-002", "name": "Eclairage velo avant/arriere usb", "description": "Kit d'eclairage rechargeable pour etre visible en ville et sur pistes cyclables.", "category": "ACCESSOIRES", "brand": "Kipsta", "price": "24.99", "rating": 4.4, "review_count": 22, "warranty_months": 36, "delivery_days": 2, "in_stock": true, "stock_count": 2, "card_image": "/src/assets/products/p-cyc-002-1.png"}}, {"model": "equipements.product", "pk": "p-foot-001", "fields": {"sku": "REF-P-FOOT-001", "name": "Ballon football match team pro", "description": "Ballon cousu machine avec toucher regulier et bonne resistance a l'usure.", "category": "MATERIEL", "brand": "Artengo", "price": "29.99", "rating": 4.7, "review_count": 103, "warranty_months": 36, "delivery_days": 4, "in_stock": true, "stock_count": 3, "card_image": "/src/assets/products/p-foot-001-1.png"}}, {"model": "equipements.product", "pk": "p-foot-002", "fields": {"sku": "REF-P-FOOT-002", "name": "Protege-tibias shield flex", "description": "Protection legere avec coque flexible et manchette textile pour un confort durable.", "category": "PROTECTION", "brand": "Btwin", "price": "19.99", "rating": 4.1, "review_count": 11, "warranty_months": 12, "delivery_days": 1, "in_stock": false, "stock_count": 0, "card_image": "/src/assets/products/p-foot-002-1.png"}}, {"model": "equipements.product", "pk": "p-mus-001", "fields": {"sku": "REF-P-MUS-001", "name": "Halteres ajustables home set 20kg", "description": "Jeu d'halteres modulables pour entrainements a domicile, progression par paliers.", "category": "MATERIEL", "brand": "Domyos", "price": "119.99", "rating": 4.8, "review_count": 18, "warranty_months": 12, "delivery_days": 3, "in_stock": false, "stock_count": 0, "card_image": "/src/assets/products/p-mus-001-1.png"}}, {"model": "equipements.product", "pk": "p-mus-002", "fields": {"sku": "REF-P-MUS-002", "name": "Ceinture de force power support", "description": "Ceinture de maintien lombaire pour les exercices de souleve et squat charges.", "category": "ACCESSOIRES", "brand": "Artengo", "price": "34.99", "rating": 4.3, "review_count": 42, "warranty_months": 24, "delivery_days": 2, "in_stock": true, "stock_count": 11, "card_image": "/src/assets/products/p-mus-002-1.png"}}, {"model": "equipements.product", "pk": "p-nat-001", "fields": {"sku": "REF-P-NAT-001", "name": "Lunettes natation clear vision", "description": "Lunettes anti-buee avec joint souple pour un confort longue duree en piscine.", "category": "MATERIEL", "brand": "Btwin", "price": "14.99", "rating": 4.7, "review_count": 65, "warranty_months": 12, "delivery_days": 4, "in_stock": true, "stock_count": 9, "card_image": "/src/assets/products/p-nat-001-1.png"}}, {"model": "equipements.product", "pk": "p-nat-002", "fields": {"sku": "REF-P-NAT-002", "name": "Maillot natation training one-piece", "description": "Maillot resistant au chlore, coupe ergonomique pour entrainements frequents.", "category": "TEXTILE", "brand": "Nabaiji", "price": "27.99", "rating": 4.1, "review_count": 27, "warranty_months": 24, "delivery_days": 1, "in_stock": true, "stock_count": 4, "card_image": "/src/assets/products/p-nat-002-1.png"}}, {"model": "equipements.product", "pk": "p-rand-001", "fields": {"sku": "REF-P-RAND-001", "name": "Chaussures randonnee mid trek 100", "description": "Tige montante pour maintenir la cheville, semelle adherente sur sentiers mixtes.", "category": "CHAUSSURES", "brand": "Aptonia", "price": "74.99", "rating": 4.5, "review_count": 103, "warranty_months": 36, "delivery_days": 3, "in_stock": true, "stock_count": 1, "card_image": "/src/assets/products/p-rand-001-1.png"}}, {"model": "equipements.product", "pk": "p-rand-002", "fields": {"sku": "REF-P-RAND-002", "name": "Sac a dos randonnee 25L breathe", "description": "Sac compact avec dos ventile et poches acces rapide pour sorties a la journee.", "category": "ACCESSOIRES", "brand": "Kalenji", "price": "49.99", "rating": 4.2, "review_count": 11, "warranty_months": 12, "delivery_days": 2, "in_stock": false, "stock_count": 0, "card_image": "/src/assets/products/p-rand-002-1.png"}}, {"model": "equipements.product", "pk": "p-run-001", "fields": {"sku": "REF-P-RUN-001", "name": "Chaussures running comfort run 500", "description": "Amorti souple pour les sorties regulieres sur route avec un bon maintien du pied.", "category": "CHAUSSURES", "brand": "Kipsta", "price": "59.99", "rating": 4.8, "review_count": 65, "warranty_months": 12, "delivery_days": 3, "in_stock": true, "stock_count": 6, "card_image": "/src/assets/products/p-run-001-1.png"}}, {"model": "equipements.product", "pk": "p-run-002", "fields": {"sku": "REF-P-RUN-002", "name": "Veste running coupe-vent dry pace", "description": "Veste respirante et deperlante pour courir par temps frais ou vent modere.", "category": "TEXTILE", "brand": "Domyos", "price": "44.99", "rating": 4.3, "review_count": 27, "warranty_months": 24, "delivery_days": 2, "in_stock": true, "stock_count": 20, "card_image": "/src/assets/products/p-run-002-1.png"}}, {"model": "equipements.product", "pk": "p-ten-001", "fields": {"sku": "REF-P-TEN-001", "name": "Raquette tennis control spin 102", "description": "Raquette maniable pour progresser, favorise le controle de balle et les effets.", "category": "MATERIEL", "brand": "Nabaiji", "price": "89.99", "rating": 4.5, "review_count": 54, "warranty_months": 24, "delivery_days": 3, "in_stock": true, "stock_count": 8, "card_image": "/src/assets/products/p-ten-001-1.png"}}, {"model": "equipements.product", "pk": "p-ten-002", "fields": {"sku": "REF-P-TEN-002", "name": "Sac tennis competition 9 raquettes", "description": "Grand compartiment isotherme pour transporter raquettes, textiles et accessoires.", "category": "ACCESSOIRES", "brand": "Aptonia", "price": "64.99", "rating": 4.2, "review_count": 89, "warranty_months": 12, "delivery_days": 2, "in_stock": true, "stock_count": 14, "card_image": "/src/assets/products/p-ten-002-1.png"}}, {"model": "equipements.product", "pk": "p-yog-001", "fields": {"sku": "REF-P-YOG-001", "name": "Tapis yoga confort align 6mm", "description": "Tapis antiderapant avec bonne densite pour postures d'equilibre et seances au sol.", "category": "MATERIEL", "brand": "Domyos", "price": "22.99", "rating": 4.4, "review_count": 89, "warranty_months": 12, "delivery_days": 2, "in_stock": true, "stock_count": 15, "card_image": "/src/assets/products/p-yog-001-1.png"}}, {"model": "equipements.product", "pk": "p-yog-002", "fields": {"sku": "REF-P-YOG-002", "name": "Sangle yoga stretch assist", "description": "Sangle reglable pour travailler la mobilite et progresser sur les amplitudes.", "category": "ACCESSOIRES", "brand": "Artengo", "price": "9.99", "rating": 4.8, "review_count": 34, "warranty_months": 24, "delivery_days": 3, "in_stock": true, "stock_count": 10, "card_image": "/src/assets/products/p-yog-002-1.png"}}, {"model": "equipements.productsports", "pk": ["p-bad-001", "BADMINTON"], "fields": {"product": "p-bad-001", "sport": "BADMINTON"}}, {"model": "equipements.productsports", "pk": ["p-bad-002", "BADMINTON"], "fields": {"product": "p-bad-002", "sport": "BADMINTON"}}, {"model": "equipements.productsports", "pk": ["p-bas-001", "BASKETBALL"], "fields": {"product": "p-bas-001", "sport": "BASKETBALL"}}, {"model": "equipements.productsports", "pk": ["p-cyc-001", "CYCLISME"], "fields": {"product": "p-cyc-001", "sport": "CYCLISME"}}, {"model": "equipements.productsports", "pk": ["p-cyc-002", "CYCLISME"], "fields": {"product": "p-cyc-002", "sport": "CYCLISME"}}, {"model": "equipements.productsports", "pk": ["p-foot-001", "FOOTBALL"], "fields": {"product": "p-foot-001", "sport": "FOOTBALL"}}, {"model": "equipements.productsports", "pk": ["p-foot-002", "FOOTBALL"], "fields": {"product": "p-foot-002", "sport": "FOOTBALL"}}, {"model": "equipements.productsports", "pk": ["p-mus-001", "MUSCULATION"], "fields": {"product": "p-mus-001", "sport": "MUSCULATION"}}, {"model": "equipements.productsports", "pk": ["p-mus-002", "MUSCULATION"], "fields": {"product": "p-mus-002", "sport": "MUSCULATION"}}, {"model": "equipements.productsports", "pk": ["p-nat-001", "NATATION"], "fields": {"product": "p-nat-001", "sport": "NATATION"}}, {"model": "equipements.productsports", "pk": ["p-nat-002", "NATATION"], "fields": {"product": "p-nat-002", "sport": "NATATION"}}, {"model": "equipements.productsports", "pk": ["p-rand-001", "RANDONNEE"], "fields": {"product": "p-rand-001", "sport": "RANDONNEE"}}, {"model": "equipements.productsports", "pk": ["p-rand-002", "RANDONNEE"], "fields": {"product": "p-rand-002", "sport": "RANDONNEE"}}, {"model": "equipements.productsports", "pk": ["p-run-001", "RUNNING"], "fields": {"product": "p-run-001", "sport": "RUNNING"}}, {"model": "equipements.productsports", "pk": ["p-run-002", "RUNNING"], "fields": {"product": "p-run-002", "sport": "RUNNING"}}, {"model": "equipements.productsports", "pk": ["p-ten-001", "TENNIS"], "fields": {"product": "p-ten-001", "sport": "TENNIS"}}, {"model": "equipements.productsports", "pk": ["p-ten-002", "TENNIS"], "fields": {"product": "p-ten-002", "sport": "TENNIS"}}, {"model": "equipements.productsports", "pk": ["p-yog-001", "YOGA"], "fields": {"product": "p-yog-001", "sport": "YOGA"}}, {"model": "equipements.productsports", "pk": ["p-yog-002", "YOGA"], "fields": {"product": "p-yog-002", "sport": "YOGA"}}, {"model": "equipements.productlevels", "pk": ["p-bad-001", "AVERAGE"], "fields": {"product": "p-bad-001", "level": "AVERAGE"}}, {"model": "equipements.productlevels", "pk": ["p-bad-001", "BEGINNER"], "fields": {"product": "p-bad-001", "level": "BEGINNER"}}, {"model": "equipements.productlevels", "pk": ["p-bad-001", "EXPERT"], "fields": {"product": "p-bad-001", "level": "EXPERT"}}, {"model": "equipements.productlevels", "pk": ["p-bad-002", "AVERAGE"], "fields": {"product": "p-bad-002", "level": "AVERAGE"}}, {"model": "equipements.productlevels", "pk": ["p-bad-002", "EXPERT"], "fields": {"product": "p-bad-002", "level": "EXPERT"}}, {"model": "equipements.productlevels", "pk": ["p-bas-001", "AVERAGE"], "fields": {"product": "p-bas-001", "level": "AVERAGE"}}, {"model": "equipements.productlevels", "pk": ["p-bas-001", "EXPERT"], "fields": {"product": "p-bas-001", "level": "EXPERT"}}, {"model": "equipements.productlevels", "pk": ["p-cyc-001", "AVERAGE"], "fields": {"product": "p-cyc-001", "level": "AVERAGE"}}, {"model": "equipements.productlevels", "pk": ["p-cyc-001", "BEGINNER"], "fields": {"product": "p-cyc-001", "level": "BEGINNER"}}, {"model": "equipements.productlevels", "pk": ["p-cyc-001", "EXPERT"], "fields": {"product": "p-cyc-001", "level": "EXPERT"}}, {"model": "equipements.productlevels", "pk": ["p-cyc-002", "AVERAGE"], "fields": {"product": "p-cyc-002", "level": "AVERAGE"}}, {"model": "equipements.productlevels", "pk": ["p-cyc-002", "BEGINNER"], "fields": {"product": "p-cyc-002", "level": "BEGINNER"}}, {"model": "equipements.productlevels", "pk": ["p-foot-001", "AVERAGE"], "fields": {"product": "p-foot-001", "level": "AVERAGE"}}, {"model": "equipements.productlevels", "pk": ["p-foot-001", "BEGINNER"], "fields": {"product": "p-foot-001", "level": "BEGINNER"}}, {"model": "equipements.productlevels", "pk": ["p-foot-001", "EXPERT"], "fields": {"product": "p-foot-001", "level": "EXPERT"}}, {"model": "equipements.productlevels", "pk": ["p-foot-002", "AVERAGE"], "fields": {"product": "p-foot-002", "level": "AVERAGE"}}, {"model": "equipements.productlevels", "pk": ["p-foot-002", "EXPERT"], "fields": {"product": "p-foot-002", "level": "EXPERT"}}, {"model": "equipements.productlevels", "pk": ["p-mus-001", "AVERAGE"], "fields": {"product": "p-mus-001", "level": "AVERAGE"}}, {"model": "equipements.productlevels", "pk": ["p-mus-001", "BEGINNER"], "fields": {"product": "p-mus-001", "level": "BEGINNER"}}, {"model": "equipements.productlevels", "pk": ["p-mus-001", "EXPERT"], "fields": {"product": "p-mus-001", "level": "EXPERT"}}, {"model": "equipements.productlevels", "pk": ["p-mus-002", "AVERAGE"], "fields": {"product": "p-mus-002", "level": "AVERAGE"}}, {"model": "equipements.productlevels", "pk": ["p-mus-002", "EXPERT"], "fields": {"product": "p-mus-002", "level": "EXPERT"}}, {"model": "equipements.productlevels", "pk": ["p-nat-001", "AVERAGE"], "fields": {"product": "p-nat-001", "level": "AVERAGE"}}, {"model": "equipements.productlevels", "pk": ["p-nat-001", "BEGINNER"], "fields": {"product": "p-nat-001", "level": "BEGINNER"}}, {"model": "equipements.productlevels", "pk": ["p-nat-002", "AVERAGE"], "fields": {"product": "p-nat-002", "level": "AVERAGE"}}, {"model": "equipements.productlevels", "pk": ["p-nat-002", "EXPERT"], "fields": {"product": "p-nat-002", "level": "EXPERT"}}, {"model": "equipements.productlevels", "pk": ["p-rand-001", "AVERAGE"], "fields": {"product": "p-rand-001", "level": "AVERAGE"}}, {"model": "equipements.productlevels", "pk": ["p-rand-001", "BEGINNER"], "fields": {"product": "p-rand-001", "level": "BEGINNER"}}, {"model": "equipements.productlevels", "pk": ["p-rand-001", "EXPERT"], "fields": {"product": "p-rand-001", "level": "EXPERT"}}, {"model": "equipements.productlevels", "pk": ["p-rand-002", "AVERAGE"], "fields": {"product": "p-rand-002", "level": "AVERAGE"}}, {"model": "equipements.productlevels", "pk": ["p-rand-002", "BEGINNER"], "fields": {"product": "p-rand-002", "level": "BEGINNER"}}, {"model": "equipements.productlevels", "pk": ["p-run-001", "AVERAGE"], "fields": {"product": "p-run-001", "level": "AVERAGE"}}, {"model": "equipements.productlevels", "pk": ["p-run-001", "BEGINNER"], "fields": {"product": "p-run-001", "level": "BEGINNER"}}, {"model": "equipements.productlevels", "pk": ["p-run-002", "AVERAGE"], "fields": {"product": "p-run-002", "level": "AVERAGE"}}, {"model": "equipements.productlevels", "pk": ["p-run-002", "BEGINNER"], "fields": {"product": "p-run-002", "level": "BEGINNER"}}, {"model": "equipements.productlevels", "pk": ["p-run-002", "EXPERT"], "fields": {"product": "p-run-002", "level": "EXPERT"}}, {"model": "equipements.productlevels", "pk": ["p-ten-001", "AVERAGE"], "fields": {"product": "p-ten-001", "level": "AVERAGE"}}, {"model": "equipements.productlevels", "pk": ["p-ten-001", "BEGINNER"], "fields": {"product": "p-ten-001", "level": "BEGINNER"}}, {"model": "equipements.productlevels", "pk": ["p-ten-002", "AVERAGE"], "fields": {"product": "p-ten-002", "level": "AVERAGE"}}, {"model": "equipements.productlevels", "pk": ["p-ten-002", "EXPERT"], "fields": {"product": "p-ten-002", "level": "EXPERT"}}, {"model": "equipements.productlevels", "pk": ["p-yog-001", "AVERAGE"], "fields": {"product": "p-yog-001", "level": "AVERAGE"}}, {"model": "equipements.productlevels", "pk": ["p-yog-001", "BEGINNER"], "fields": {"product": "p-yog-001", "level": "BEGINNER"}}, {"model": "equipements.productlevels", "pk": ["p-yog-001", "EXPERT"], "fields": {"product": "p-yog-001", "level": "EXPERT"}}, {"model": "equipements.productlevels", "pk": ["p-yog-002", "AVERAGE"], "fields": {"product": "p-yog-002", "level": "AVERAGE"}}, {"model": "equipements.productlevels", "pk": ["p-yog-002", "BEGINNER"], "fields": {"product": "p-yog-002", "level": "BEGINNER"}}, {"model": "equipements.productfeatures", "pk": ["p-bad-001", 1], "fields": {"product": "p-bad-001", "position": 1, "feature": "Respirabilite"}}, {"model": "equipements.productfeatures", "pk": ["p-bad-001", 2], "fields": {"product": "p-bad-001", "position": 2, "feature": "Amorti"}}, {"model": "equipements.productfeatures", "pk": ["p-bad-001", 3], "fields": {"product": "p-bad-001", "position": 3, "feature": "Maintien lateral"}}, {"model": "equipements.productfeatures", "pk": ["p-bad-002", 1], "fields": {"product": "p-bad-002", "position": 1, "feature": "Robustesse"}}, {"model": "equipements.productfeatures", "pk": ["p-bad-002", 2], "fields": {"product": "p-bad-002", "position": 2, "feature": "Performance"}}, {"model": "equipements.productfeatures", "pk": ["p-bad-002", 3], "fields": {"product": "p-bad-002", "position": 3, "feature": "Confort d'utilisation"}}, {"model": "equipements.productfeatures", "pk": ["p-bas-001", 1], "fields": {"product": "p-bas-001", "position": 1, "feature": "Respirabilite"}}, {"model": "equipements.productfeatures", "pk": ["p-bas-001", 2], "fields": {"product": "p-bas-001", "position": 2, "feature": "Amorti"}}, {"model": "equipements.productfeatures", "pk": ["p-bas-001", 3], "fields": {"product": "p-bas-001", "position": 3, "feature": "Maintien lateral"}}, {"model": "equipements.productfeatures", "pk": ["p-cyc-001", 1], "fields": {"product": "p-cyc-001", "position": 1, "feature": "Robustesse"}}, {"model": "equipements.productfeatures", "pk": ["p-cyc-001", 2], "fields": {"product": "p-cyc-001", "position": 2, "feature": "Performance"}}, {"model": "equipements.productfeatures", "pk": ["p-cyc-001", 3], "fields": {"product": "p-cyc-001", "position": 3, "feature": "Confort d'utilisation"}}, {"model": "equipements.productfeatures", "pk": ["p-cyc-002", 1], "fields": {"product": "p-cyc-002", "position": 1, "feature": "Pratique"}}, {"model": "equipements.productfeatures", "pk": ["p-cyc-002", 2], "fields": {"product": "p-cyc-002", "position": 2, "feature": "Compact"}}, {"model": "equipements.productfeatures", "pk": ["p-cyc-002", 3], "fields": {"product": "p-cyc-002", "position": 3, "feature": "Polyvalent"}}, {"model": "equipements.productfeatures", "pk": ["p-foot-001", 1], "fields": {"product": "p-foot-001", "position": 1, "feature": "Robustesse"}}, {"model": "equipements.productfeatures", "pk": ["p-foot-001", 2], "fields": {"product": "p-foot-001", "position": 2, "feature": "Performance"}}, {"model": "equipements.productfeatures", "pk": ["p-foot-001", 3], "fields": {"product": "p-foot-001", "position": 3, "feature": "Confort d'utilisation"}}, {"model": "equipements.productfeatures", "pk": ["p-foot-002", 1], "fields": {"product": "p-foot-002", "position": 1, "feature": "Protection ciblee"}}, {"model": "equipements.productfeatures", "pk": ["p-foot-002", 2], "fields": {"product": "p-foot-002", "position": 2, "feature": "Confort"}}, {"model": "equipements.productfeatures", "pk": ["p-foot-002", 3], "fields": {"product": "p-foot-002", "position": 3, "feature": "Maintien"}}, {"model": "equipements.productfeatures", "pk": ["p-mus-001", 1], "fields": {"product": "p-mus-001", "position": 1, "feature": "Robustesse"}}, {"model": "equipements.productfeatures", "pk": ["p-mus-001", 2], "fields": {"product": "p-mus-001", "position": 2, "feature": "Performance"}}, {"model": "equipements.productfeatures", "pk": ["p-mus-001", 3], "fields": {"product": "p-mus-001", "position": 3, "feature": "Confort d'utilisation"}}, {"model": "equipements.productfeatures", "pk": ["p-mus-002", 1], "fields": {"product": "p-mus-002", "position": 1, "feature": "Pratique"}}, {"model": "equipements.productfeatures", "pk": ["p-mus-002", 2], "fields": {"product": "p-mus-002", "position": 2, "feature": "Compact"}}, {"model": "equipements.productfeatures", "pk": ["p-mus-002", 3], "fields": {"product": "p-mus-002", "position": 3, "feature": "Polyvalent"}}, {"model": "equipements.productfeatures", "pk": ["p-nat-001", 1], "fields": {"product": "p-nat-001", "position": 1, "feature": "Robustesse"}}, {"model": "equipements.productfeatures", "pk": ["p-nat-001", 2], "fields": {"product": "p-nat-001", "position": 2, "feature": "Performance"}}, {"model": "equipements.productfeatures", "pk": ["p-nat-001", 3], "fields": {"product": "p-nat-001", "position": 3, "feature": "Confort d'utilisation"}}, {"model": "equipements.productfeatures", "pk": ["p-nat-002", 1], "fields": {"product": "p-nat-002", "position": 1, "feature": "Respirant"}}, {"model": "equipements.productfeatures", "pk": ["p-nat-002", 2], "fields": {"product": "p-nat-002", "position": 2, "feature": "Leger"}}, {"model": "equipements.productfeatures", "pk": ["p-nat-002", 3], "fields": {"product": "p-nat-002", "position": 3, "feature": "Séchage rapide"}}, {"model": "equipements.productfeatures", "pk": ["p-rand-001", 1], "fields": {"product": "p-rand-001", "position": 1, "feature": "Respirabilite"}}, {"model": "equipements.productfeatures", "pk": ["p-rand-001", 2], "fields": {"product": "p-rand-001", "position": 2, "feature": "Amorti"}}, {"model": "equipements.productfeatures", "pk": ["p-rand-001", 3], "fields": {"product": "p-rand-001", "position": 3, "feature": "Maintien lateral"}}, {"model": "equipements.productfeatures", "pk": ["p-rand-002", 1], "fields": {"product": "p-rand-002", "position": 1, "feature": "Pratique"}}, {"model": "equipements.productfeatures", "pk": ["p-rand-002", 2], "fields": {"product": "p-rand-002", "position": 2, "feature": "Compact"}}, {"model": "equipements.productfeatures", "pk": ["p-rand-002", 3], "fields": {"product": "p-rand-002", "position": 3, "feature": "Polyvalent"}}, {"model": "equipements.productfeatures", "pk": ["p-run-001", 1], "fields": {"product": "p-run-001", "position": 1, "feature": "Respirabilite"}}, {"model": "equipements.productfeatures", "pk": ["p-run-001", 2], "fields": {"product": "p-run-001", "position": 2, "feature": "Amorti"}}, {"model": "equipements.productfeatures", "pk": ["p-run-001", 3], "fields": {"product": "p-run-001", "position": 3, "feature": "Maintien lateral"}}, {"model": "equipements.productfeatures", "pk": ["p-run-002", 1], "fields": {"product": "p-run-002", "position": 1, "feature": "Respirant"}}, {"model": "equipements.productfeatures", "pk": ["p-run-002", 2], "fields": {"product": "p-run-002", "position": 2, "feature": "Leger"}}, {"model": "equipements.productfeatures", "pk": ["p-run-002", 3], "fields": {"product": "p-run-002", "position": 3, "feature": "Séchage rapide"}}, {"model": "equipements.productfeatures", "pk": ["p-ten-001", 1], "fields": {"product": "p-ten-001", "position": 1, "feature": "Robustesse"}}, {"model": "equipements.productfeatures", "pk": ["p-ten-001", 2], "fields": {"product": "p-ten-001", "position": 2, "feature": "Performance"}}, {"model": "equipements.productfeatures", "pk": ["p-ten-001", 3], "fields": {"product": "p-ten-001", "position": 3, "feature": "Confort d'utilisation"}}, {"model": "equipements.productfeatures", "pk": ["p-ten-002", 1], "fields": {"product": "p-ten-002", "position": 1, "feature": "Pratique"}}, {"model": "equipements.productfeatures", "pk": ["p-ten-002", 2], "fields": {"product": "p-ten-002", "position": 2, "feature": "Compact"}}, {"model": "equipements.productfeatures", "pk": ["p-ten-002", 3], "fields": {"product": "p-ten-002", "position": 3, "feature": "Polyvalent"}}, {"model": "equipements.productfeatures", "pk": ["p-yog-001", 1], "fields": {"product": "p-yog-001", "position": 1, "feature": "Robustesse"}}, {"model": "equipements.productfeatures", "pk": ["p-yog-001", 2], "fields": {"product": "p-yog-001", "position": 2, "feature": "Performance"}}, {"model": "equipements.productfeatures", "pk": ["p-yog-001", 3], "fields": {"product": "p-yog-001", "position": 3, "feature": "Confort d'utilisation"}}, {"model": "equipements.productfeatures", "pk": ["p-yog-002", 1], "fields": {"product": "p-yog-002", "position": 1, "feature": "Pratique"}}, {"model": "equipements.productfeatures", "pk": ["p-yog-002", 2], "fields": {"product": "p-yog-002", "position": 2, "feature": "Compact"}}, {"model": "equipements.productfeatures", "pk": ["p-yog-002", 3], "fields": {"product": "p-yog-002", "position": 3, "feature": "Polyvalent"}}, {"model": "equipements.productimages", "pk": ["p-bad-001", 1], "fields": {"product": "p-bad-001", "position": 1, "image_url": "/src/assets/products/p-bad-001-1.png", "is_card": true}}, {"model": "equipements.productimages", "pk": ["p-bad-001", 2], "fields": {"product": "p-bad-001", "position": 2, "image_url": "/src/assets/products/p-bad-001-2.png", "is_card": false}}, {"model": "equipements.productimages", "pk": ["p-bad-002", 1], "fields": {"product": "p-bad-002", "position": 1, "image_url": "/src/assets/products/p-bad-002-1.png", "is_card": true}}, {"model": "equipements.productimages", "pk": ["p-bad-002", 2], "fields": {"product": "p-bad-002", "position": 2, "image_url": "/src/assets/products/p-bad-002-2.png", "is_card": false}}, {"model": "equipements.productimages", "pk": ["p-bas-001", 1], "fields": {"product": "p-bas-001", "position": 1, "image_url": "/src/assets/products/p-bas-001-1.png", "is_card": true}}, {"model": "equipements.productimages", "pk": ["p-bas-001", 2], "fields": {"product": "p-bas-001", "position": 2, "image_url": "/src/assets/products/p-bas-001-2.png", "is_card": false}}, {"model": "equipements.productimages", "pk": ["p-cyc-001", 1], "fields": {"product": "p-cyc-001", "position": 1, "image_url": "/src/assets/products/p-cyc-001-1.png", "is_card": true}}, {"model": "equipements.productimages", "pk": ["p-cyc-001", 2], "fields": {"product": "p-cyc-001", "position": 2, "image_url": "/src/assets/products/p-cyc-001-2.png", "is_card": false}}, {"model": "equipements.productimages", "pk": ["p-cyc-002", 1], "fields": {"product": "p-cyc-002", "position": 1, "image_url": "/src/assets/products/p-cyc-002-1.png", "is_card": true}}, {"model": "equipements.productimages", "pk": ["p-cyc-002", 2], "fields": {"product": "p-cyc-002", "position": 2, "image_url": "/src/assets/products/p-cyc-002-2.png", "is_card": false}}, {"model": "equipements.productimages", "pk": ["p-foot-001", 1], "fields": {"product": "p-foot-001", "position": 1, "image_url": "/src/assets/products/p-foot-001-1.png", "is_card": true}}, {"model": "equipements.productimages", "pk": ["p-foot-001", 2], "fields": {"product": "p-foot-001", "position": 2, "image_url": "/src/assets/products/p-foot-001-2.png", "is_card": false}}, {"model": "equipements.productimages", "pk": ["p-foot-002", 1], "fields": {"product": "p-foot-002", "position": 1, "image_url": "/src/assets/products/p-foot-002-1.png", "is_card": true}}, {"model": "equipements.productimages", "pk": ["p-foot-002", 2], "fields": {"product": "p-foot-002", "position": 2, "image_url": "/src/assets/products/p-foot-002-2.png", "is_card": false}}, {"model": "equipements.productimages", "pk": ["p-mus-001", 1], "fields": {"product": "p-mus-001", "position": 1, "image_url": "/src/assets/products/p-mus-001-1.png", "is_card": true}}, {"model": "equipements.productimages", "pk": ["p-mus-001", 2], "fields": {"product": "p-mus-001", "position": 2, "image_url": "/src/assets/products/p-mus-001-2.png", "is_card": false}}, {"model": "equipements.productimages", "pk": ["p-mus-002", 1], "fields": {"product": "p-mus-002", "position": 1, "image_url": "/src/assets/products/p-mus-002-1.png", "is_card": true}}, {"model": "equipements.productimages", "pk": ["p-mus-002", 2], "fields": {"product": "p-mus-002", "position": 2, "image_url": "/src/assets/products/p-mus-002-2.png", "is_card": false}}, {"model": "equipements.productimages", "pk": ["p-nat-001", 1], "fields": {"product": "p-nat-001", "position": 1, "image_url": "/src/assets/products/p-nat-001-1.png", "is_card": true}}, {"model": "equipements.productimages", "pk": ["p-nat-001", 2], "fields": {"product": "p-nat-001", "position": 2, "image_url": "/src/assets/products/p-nat-001-2.png", "is_card": false}}, {"model": "equipements.productimages", "pk": ["p-nat-002", 1], "fields": {"product": "p-nat-002", "position": 1, "image_url": "/src/assets/products/p-nat-002-1.png", "is_card": true}}, {"model": "equipements.productimages", "pk": ["p-nat-002", 2], "fields": {"product": "p-nat-002", "position": 2, "image_url": "/src/assets/products/p-nat-002-2.png", "is_card": false}}, {"model": "equipements.productimages", "pk": ["p-rand-001", 1], "fields": {"product": "p-rand-001", "position": 1, "image_url": "/src/assets/products/p-rand-001-1.png", "is_card": true}}, {"model": "equipements.productimages", "pk": ["p-rand-001", 2], "fields": {"product": "p-rand-001", "position": 2, "image_url": "/src/assets/products/p-rand-001-2.png", "is_card": false}}, {"model": "equipements.productimages", "pk": ["p-rand-002", 1], "fields": {"product": "p-rand-002", "position": 1, "image_url": "/src/assets/products/p-rand-002-1.png", "is_card": true}}, {"model": "equipements.productimages", "pk": ["p-rand-002", 2], "fields": {"product": "p-rand-002", "position": 2, "image_url": "/src/assets/products/p-rand-002-2.png", "is_card": false}}, {"model": "equipements.productimages", "pk": ["p-run-001", 1], "fields": {"product": "p-run-001", "position": 1, "image_url": "/src/assets/products/p-run-001-1.png", "is_card": true}}, {"model": "equipements.productimages", "pk": ["p-run-001", 2], "fields": {"product": "p-run-001", "position": 2, "image_url": "/src/assets/products/p-run-001-2.png", "is_card": false}}, {"model": "equipements.productimages", "pk": ["p-run-002", 1], "fields": {"product": "p-run-002", "position": 1, "image_url": "/src/assets/products/p-run-002-1.png", "is_card": true}}, {"model": "equipements.productimages", "pk": ["p-run-002", 2], "fields": {"product": "p-run-002", "position": 2, "image_url": "/src/assets/products/p-run-002-2.png", "is_card": false}}, {"model": "equipements.productimages", "pk": ["p-ten-001", 1], "fields": {"product": "p-ten-001", "position": 1, "image_url": "/src/assets/products/p-ten-001-1.png", "is_card": true}}, {"model": "equipements.productimages", "pk": ["p-ten-001", 2], "fields": {"product": "p-ten-001", "position": 2, "image_url": "/src/assets/products/p-ten-001-2.png", "is_card": false}}, {"model": "equipements.productimages", "pk": ["p-ten-002", 1], "fields": {"product": "p-ten-002", "position": 1, "image_url": "/src/assets/products/p-ten-002-1.png", "is_card": true}}, {"model": "equipements.productimages", "pk": ["p-ten-002", 2], "fields": {"product": "p-ten-002", "position": 2, "image_url": "/src/assets/products/p-ten-002-2.png", "is_card": false}}, {"model": "equipements.productimages", "pk": ["p-yog-001", 1], "fields": {"product": "p-yog-001", "position": 1, "image_url": "/src/assets/products/p-yog-001-1.png", "is_card": true}}, {"model": "equipements.productimages", "pk": ["p-yog-001", 2], "fields": {"product": "p-yog-001", "position": 2, "image_url": "/src/assets/products/p-yog-001-2.png", "is_card": false}}, {"model": "equipements.productimages", "pk": ["p-yog-002", 1], "fields": {"product": "p-yog-002", "position": 1, "image_url": "/src/assets/products/p-yog-002-1.png", "is_card": true}}, {"model": "equipements.productimages", "pk": ["p-yog-002", 2], "fields": {"product": "p-yog-002", "position": 2, "image_url": "/src/assets/products/p-yog-002-2.png", "is_card": false}}, {"model": "equipements.productstorestock", "pk": ["p-bad-001", "Decathlon Bordeaux Lac"], "fields": {"product": "p-bad-001", "store_name": "Decathlon Bordeaux Lac", "stock": 0}}, {"model": "equipements.productstorestock", "pk": ["p-bad-001", "Decathlon Lille"], "fields": {"product": "p-bad-001", "store_name": "Decathlon Lille", "stock": 0}}, {"model": "equipements.productstorestock", "pk": ["p-bad-001", "Decathlon Lyon Part-Dieu"], "fields": {"product": "p-bad-001", "store_name": "Decathlon Lyon Part-Dieu", "stock": 0}}, {"model": "equipements.productstorestock", "pk": ["p-bad-001", "Decathlon Paris Madeleine"], "fields": {"product": "p-bad-001", "store_name": "Decathlon Paris Madeleine", "stock": 0}}, {"model": "equipements.productstorestock", "pk": ["p-bad-002", "Decathlon Bordeaux Lac"], "fields": {"product": "p-bad-002", "store_name": "Decathlon Bordeaux Lac", "stock": 3}}, {"model": "equipements.productstorestock", "pk": ["p-bad-002", "Decathlon Lille"], "fields": {"product": "p-bad-002", "store_name": "Decathlon Lille", "stock": 3}}, {"model": "equipements.productstorestock", "pk": ["p-bad-002", "Decathlon Lyon Part-Dieu"], "fields": {"product": "p-bad-002", "store_name": "Decathlon Lyon Part-Dieu", "stock": 3}}, {"model": "equipements.productstorestock", "pk": ["p-bad-002", "Decathlon Paris Madeleine"], "fields": {"product": "p-bad-002", "store_name": "Decathlon Paris Madeleine", "stock": 3}}, {"model": "equipements.productstorestock", "pk": ["p-bas-001", "Decathlon Bordeaux Lac"], "fields": {"product": "p-bas-001", "store_name": "Decathlon Bordeaux Lac", "stock": 1}}, {"model": "equipements.productstorestock", "pk": ["p-bas-001", "Decathlon Lille"], "fields": {"product": "p-bas-001", "store_name": "Decathlon Lille", "stock": 2}}, {"model": "equipements.productstorestock", "pk": ["p-bas-001", "Decathlon Lyon Part-Dieu"], "fields": {"product": "p-bas-001", "store_name": "Decathlon Lyon Part-Dieu", "stock": 2}}, {"model": "equipements.productstorestock", "pk": ["p-bas-001", "Decathlon Paris Madeleine"], "fields": {"product": "p-bas-001", "store_name": "Decathlon Paris Madeleine", "stock": 2}}, {"model": "equipements.productstorestock", "pk": ["p-cyc-001", "Decathlon Bordeaux Lac"], "fields": {"product": "p-cyc-001", "store_name": "Decathlon Bordeaux Lac", "stock": 1}}, {"model": "equipements.productstorestock", "pk": ["p-cyc-001", "Decathlon Lille"], "fields": {"product": "p-cyc-001", "store_name": "Decathlon Lille", "stock": 2}}, {"model": "equipements.productstorestock", "pk": ["p-cyc-001", "Decathlon Lyon Part-Dieu"], "fields": {"product": "p-cyc-001", "store_name": "Decathlon Lyon Part-Dieu", "stock": 1}}, {"model": "equipements.productstorestock", "pk": ["p-cyc-001", "Decathlon Paris Madeleine"], "fields": {"product": "p-cyc-001", "store_name": "Decathlon Paris Madeleine", "stock": 1}}, {"model": "equipements.productstorestock", "pk": ["p-cyc-002", "Decathlon Bordeaux Lac"], "fields": {"product": "p-cyc-002", "store_name": "Decathlon Bordeaux Lac", "stock": 0}}, {"model": "equipements.productstorestock", "pk": ["p-cyc-002", "Decathlon Lille"], "fields": {"product": "p-cyc-002", "store_name": "Decathlon Lille", "stock": 0}}, {"model": "equipements.productstorestock", "pk": ["p-cyc-002", "Decathlon Lyon Part-Dieu"], "fields": {"product": "p-cyc-002", "store_name": "Decathlon Lyon Part-Dieu", "stock": 1}}, {"model": "equipements.productstorestock", "pk": ["p-cyc-002", "Decathlon Paris Madeleine"], "fields": {"product": "p-cyc-002", "store_name": "Decathlon Paris Madeleine", "stock": 1}}, {"model": "equipements.productstorestock", "pk": ["p-foot-001", "Decathlon Bordeaux Lac"], "fields": {"product": "p-foot-001", "store_name": "Decathlon Bordeaux Lac", "stock": 0}}, {"model": "equipements.productstorestock", "pk": ["p-foot-001", "Decathlon Lille"], "fields": {"product": "p-foot-001", "store_name": "Decathlon Lille", "stock": 1}}, {"model": "equipements.productstorestock", "pk": ["p-foot-001", "Decathlon Lyon Part-Dieu"], "fields": {"product": "p-foot-001", "store_name": "Decathlon Lyon Part-Dieu", "stock": 1}}, {"model": "equipements.productstorestock", "pk": ["p-foot-001", "Decathlon Paris Madeleine"], "fields": {"product": "p-foot-001", "store_name": "Decathlon Paris Madeleine", "stock": 1}}, {"model": "equipements.productstorestock", "pk": ["p-foot-002", "Decathlon Bordeaux Lac"], "fields": {"product": "p-foot-002", "store_name": "Decathlon Bordeaux Lac", "stock": 0}}, {"model": "equipements.productstorestock", "pk": ["p-foot-002", "Decathlon Lille"], "fields": {"product": "p-foot-002", "store_name": "Decathlon Lille", "stock": 0}}, {"model": "equipements.productstorestock", "pk": ["p-foot-002", "Decathlon Lyon Part-Dieu"], "fields": {"product": "p-foot-002", "store_name": "Decathlon Lyon Part-Dieu", "stock": 0}}, {"model": "equipements.productstorestock", "pk": ["p-foot-002", "Decathlon Paris Madeleine"], "fields": {"product": "p-foot-002", "store_name": "Decathlon Paris Madeleine", "stock": 0}}, {"model": "equipements.productstorestock", "pk": ["p-mus-001", "Decathlon Bordeaux Lac"], "fields": {"product": "p-mus-001", "store_name": "Decathlon Bordeaux Lac", "stock": 0}}, {"model": "equipements.productstorestock", "pk": ["p-mus-001", "Decathlon Lille"], "fields": {"product": "p-mus-001", "store_name": "Decathlon Lille", "stock": 0}}, {"model": "equipements.productstorestock", "pk": ["p-mus-001", "Decathlon Lyon Part-Dieu"], "fields": {"product": "p-mus-001", "store_name": "Decathlon Lyon Part-Dieu", "stock": 0}}, {"model": "equipements.productstorestock", "pk": ["p-mus-001", "Decathlon Paris Madeleine"], "fields": {"product": "p-mus-001", "store_name": "Decathlon Paris Madeleine", "stock": 0}}, {"model": "equipements.productstorestock", "pk": ["p-mus-002", "Decathlon Bordeaux Lac"], "fields": {"product": "p-mus-002", "store_name": "Decathlon Bordeaux Lac", "stock": 3}}, {"model": "equipements.productstorestock", "pk": ["p-mus-002", "Decathlon Lille"], "fields": {"product": "p-mus-002", "store_name": "Decathlon Lille", "stock": 3}}, {"model": "equipements.productstorestock", "pk": ["p-mus-002", "Decathlon Lyon Part-Dieu"], "fields": {"product": "p-mus-002", "store_name": "Decathlon Lyon Part-Dieu", "stock": 2}}, {"model": "equipements.productstorestock", "pk": ["p-mus-002", "Decathlon Paris Madeleine"], "fields": {"product": "p-mus-002", "store_name": "Decathlon Paris Madeleine", "stock": 3}}, {"model": "equipements.productstorestock", "pk": ["p-nat-001", "Decathlon Bordeaux Lac"], "fields": {"product": "p-nat-001", "store_name": "Decathlon Bordeaux Lac", "stock": 2}}, {"model": "equipements.productstorestock", "pk": ["p-nat-001", "Decathlon Lille"], "fields": {"product": "p-nat-001", "store_name": "Decathlon Lille", "stock": 3}}, {"model": "equipements.productstorestock", "pk": ["p-nat-001", "Decathlon Lyon Part-Dieu"], "fields": {"product": "p-nat-001", "store_name": "Decathlon Lyon Part-Dieu", "stock": 2}}, {"model": "equipements.productstorestock", "pk": ["p-nat-001", "Decathlon Paris Madeleine"], "fields": {"product": "p-nat-001", "store_name": "Decathlon Paris Madeleine", "stock": 2}}, {"model": "equipements.productstorestock", "pk": ["p-nat-002", "Decathlon Bordeaux Lac"], "fields": {"product": "p-nat-002", "store_name": "Decathlon Bordeaux Lac", "stock": 1}}, {"model": "equipements.productstorestock", "pk": ["p-nat-002", "Decathlon Lille"], "fields": {"product": "p-nat-002", "store_name": "Decathlon Lille", "stock": 1}}, {"model": "equipements.productstorestock", "pk": ["p-nat-002", "Decathlon Lyon Part-Dieu"], "fields": {"product": "p-nat-002", "store_name": "Decathlon Lyon Part-Dieu", "stock": 1}}, {"model": "equipements.productstorestock", "pk": ["p-nat-002", "Decathlon Paris Madeleine"], "fields": {"product": "p-nat-002", "store_name": "Decathlon Paris Madeleine", "stock": 1}}, {"model": "equipements.productstorestock", "pk": ["p-rand-001", "Decathlon Bordeaux Lac"], "fields": {"product": "p-rand-001", "store_name": "Decathlon Bordeaux Lac", "stock": 0}}, {"model": "equipements.productstorestock", "pk": ["p-rand-001", "Decathlon Lille"], "fields": {"product": "p-rand-001", "store_name": "Decathlon Lille", "stock": 0}}, {"model": "equipements.productstorestock", "pk": ["p-rand-001", "Decathlon Lyon Part-Dieu"], "fields": {"product": "p-rand-001", "store_name": "Decathlon Lyon Part-Dieu", "stock": 1}}, {"model": "equipements.productstorestock", "pk": ["p-rand-001", "Decathlon Paris Madeleine"], "fields": {"product": "p-rand-001", "store_name": "Decathlon Paris Madeleine", "stock": 0}}, {"model": "equipements.productstorestock", "pk": ["p-rand-002", "Decathlon Bordeaux Lac"], "fields": {"product": "p-rand-002", "store_name": "Decathlon Bordeaux Lac", "stock": 0}}, {"model": "equipements.productstorestock", "pk": ["p-rand-002", "Decathlon Lille"], "fields": {"product": "p-rand-002", "store_name": "Decathlon Lille", "stock": 0}}, {"model": "equipements.productstorestock", "pk": ["p-rand-002", "Decathlon Lyon Part-Dieu"], "fields": {"product": "p-rand-002", "store_name": "Decathlon Lyon Part-Dieu", "stock": 0}}, {"model": "equipements.productstorestock", "pk": ["p-rand-002", "Decathlon Paris Madeleine"], "fields": {"product": "p-rand-002", "store_name": "Decathlon Paris Madeleine", "stock": 0}}, {"model": "equipements.productstorestock", "pk": ["p-run-001", "Decathlon Bordeaux Lac"], "fields": {"product": "p-run-001", "store_name": "Decathlon Bordeaux Lac", "stock": 2}}, {"model": "equipements.productstorestock", "pk": ["p-run-001", "Decathlon Lille"], "fields": {"product": "p-run-001", "store_name": "Decathlon Lille", "stock": 1}}, {"model": "equipements.productstorestock", "pk": ["p-run-001", "Decathlon Lyon Part-Dieu"], "fields": {"product": "p-run-001", "store_name": "Decathlon Lyon Part-Dieu", "stock": 2}}, {"model": "equipements.productstorestock", "pk": ["p-run-001", "Decathlon Paris Madeleine"], "fields": {"product": "p-run-001", "store_name": "Decathlon Paris Madeleine", "stock": 1}}, {"model": "equipements.productstorestock", "pk": ["p-run-002", "Decathlon Bordeaux Lac"], "fields": {"product": "p-run-002", "store_name": "Decathlon Bordeaux Lac", "stock": 5}}, {"model": "equipements.productstorestock", "pk": ["p-run-002", "Decathlon Lille"], "fields": {"product": "p-run-002", "store_name": "Decathlon Lille", "stock": 5}}, {"model": "equipements.productstorestock", "pk": ["p-run-002", "Decathlon Lyon Part-Dieu"], "fields": {"product": "p-run-002", "store_name": "Decathlon Lyon Part-Dieu", "stock": 5}}, {"model": "equipements.productstorestock", "pk": ["p-run-002", "Decathlon Paris Madeleine"], "fields": {"product": "p-run-002", "store_name": "Decathlon Paris Madeleine", "stock": 5}}, {"model": "equipements.productstorestock", "pk": ["p-ten-001", "Decathlon Bordeaux Lac"], "fields": {"product": "p-ten-001", "store_name": "Decathlon Bordeaux Lac", "stock": 2}}, {"model": "equipements.productstorestock", "pk": ["p-ten-001", "Decathlon Lille"], "fields": {"product": "p-ten-001", "store_name": "Decathlon Lille", "stock": 2}}, {"model": "equipements.productstorestock", "pk": ["p-ten-001", "Decathlon Lyon Part-Dieu"], "fields": {"product": "p-ten-001", "store_name": "Decathlon Lyon Part-Dieu", "stock": 2}}, {"model": "equipements.productstorestock", "pk": ["p-ten-001", "Decathlon Paris Madeleine"], "fields": {"product": "p-ten-001", "store_name": "Decathlon Paris Madeleine", "stock": 2}}, {"model": "equipements.productstorestock", "pk": ["p-ten-002", "Decathlon Bordeaux Lac"], "fields": {"product": "p-ten-002", "store_name": "Decathlon Bordeaux Lac", "stock": 4}}, {"model": "equipements.productstorestock", "pk": ["p-ten-002", "Decathlon Lille"], "fields": {"product": "p-ten-002", "store_name": "Decathlon Lille", "stock": 4}}, {"model": "equipements.productstorestock", "pk": ["p-ten-002", "Decathlon Lyon Part-Dieu"], "fields": {"product": "p-ten-002", "store_name": "Decathlon Lyon Part-Dieu", "stock": 3}}, {"model": "equipements.productstorestock", "pk": ["p-ten-002", "Decathlon Paris Madeleine"], "fields": {"product": "p-ten-002", "store_name": "Decathlon Paris Madeleine", "stock": 3}}, {"model": "equipements.productstorestock", "pk": ["p-yog-001", "Decathlon Bordeaux Lac"], "fields": {"product": "p-yog-001", "store_name": "Decathlon Bordeaux Lac", "stock": 4}}, {"model": "equipements.productstorestock", "pk": ["p-yog-001", "Decathlon Lille"], "fields": {"product": "p-yog-001", "store_name": "Decathlon Lille", "stock": 3}}, {"model": "equipements.productstorestock", "pk": ["p-yog-001", "Decathlon Lyon Part-Dieu"], "fields": {"product": "p-yog-001", "store_name": "Decathlon Lyon Part-Dieu", "stock": 4}}, {"model": "equipements.productstorestock", "pk": ["p-yog-001", "Decathlon Paris Madeleine"], "fields": {"product": "p-yog-001", "store_name": "Decathlon Paris Madeleine", "stock": 4}}, {"model": "equipements.productstorestock", "pk": ["p-yog-002", "Decathlon Bordeaux Lac"], "fields": {"product": "p-yog-002", "store_name": "Decathlon Bordeaux Lac", "stock": 3}}, {"model": "equipements.productstorestock", "pk": ["p-yog-002", "Decathlon Lille"], "fields": {"product": "p-yog-002", "store_name": "Decathlon Lille", "stock": 2}}, {"model": "equipements.productstorestock", "pk": ["p-yog-002", "Decathlon Lyon Part-Dieu"], "fields": {"product": "p-yog-002", "store_name": "Decathlon Lyon Part-Dieu", "stock": 3}}, {"model": "equipements.productstorestock", "pk": ["p-yog-002", "Decathlon Paris Madeleine"], "fields": {"product": "p-yog-002", "store_name": "Decathlon Paris Madeleine", "stock": 2}}, {"model": "auth.permission", "pk": 1, "fields": {"name": "Can add product", "content_type": 1, "codename": "add_product"}}, {"model": "auth.permission", "pk": 2, "fields": {"name": "Can change product", "content_type": 1, "codename": "change_product"}}, {"model": "auth.permission", "pk": 3, "fields": {"name": "Can delete product", "content_type": 1, "codename": "delete_product"}}, {"model": "auth.permission", "pk": 4, "fields": {"name": "Can view product", "content_type": 1, "codename": "view_product"}}, {"model": "auth.permission", "pk": 5, "fields": {"name": "Can add user", "content_type": 7, "codename": "add_user"}}, {"model": "auth.permission", "pk": 6, "fields": {"name": "Can change user", "content_type": 7, "codename": "change_user"}}, {"model": "auth.permission", "pk": 7, "fields": {"name": "Can delete user", "content_type": 7, "codename": "delete_user"}}, {"model": "auth.permission", "pk": 8, "fields": {"name": "Can view user", "content_type": 7, "codename": "view_user"}}, {"model": "auth.permission", "pk": 9, "fields": {"name": "Can add product features", "content_type": 2, "codename": "add_productfeatures"}}, {"model": "auth.permission", "pk": 10, "fields": {"name": "Can change product features", "content_type": 2, "codename": "change_productfeatures"}}, {"model": "auth.permission", "pk": 11, "fields": {"name": "Can delete product features", "content_type": 2, "codename": "delete_productfeatures"}}, {"model": "auth.permission", "pk": 12, "fields": {"name": "Can view product features", "content_type": 2, "codename": "view_productfeatures"}}, {"model": "auth.permission", "pk": 13, "fields": {"name": "Can add product images", "content_type": 3, "codename": "add_productimages"}}, {"model": "auth.permission", "pk": 14, "fields": {"name": "Can change product images", "content_type": 3, "codename": "change_productimages"}}, {"model": "auth.permission", "pk": 15, "fields": {"name": "Can delete product images", "content_type": 3, "codename": "delete_productimages"}}, {"model": "auth.permission", "pk": 16, "fields": {"name": "Can view product images", "content_type": 3, "codename": "view_productimages"}}, {"model": "auth.permission", "pk": 17, "fields": {"name": "Can add product levels", "content_type": 4, "codename": "add_productlevels"}}, {"model": "auth.permission", "pk": 18, "fields": {"name": "Can change product levels", "content_type": 4, "codename": "change_productlevels"}}, {"model": "auth.permission", "pk": 19, "fields": {"name": "Can delete product levels", "content_type": 4, "codename": "delete_productlevels"}}, {"model": "auth.permission", "pk": 20, "fields": {"name": "Can view product levels", "content_type": 4, "codename": "view_productlevels"}}, {"model": "auth.permission", "pk": 21, "fields": {"name": "Can add product sports", "content_type": 5, "codename": "add_productsports"}}, {"model": "auth.permission", "pk": 22, "fields": {"name": "Can change product sports", "content_type": 5, "codename": "change_productsports"}}, {"model": "auth.permission", "pk": 23, "fields": {"name": "Can delete product sports", "content_type": 5, "codename": "delete_productsports"}}, {"model": "auth.permission", "pk": 24, "fields": {"name": "Can view product sports", "content_type": 5, "codename": "view_productsports"}}, {"model": "auth.permission", "pk": 25, "fields": {"name": "Can add product store stock", "content_type": 6, "codename": "add_productstorestock"}}, {"model": "auth.permission", "pk": 26, "fields": {"name": "Can change product store stock", "content_type": 6, "codename": "change_productstorestock"}}, {"model": "auth.permission", "pk": 27, "fields": {"name": "Can delete product store stock", "content_type": 6, "codename": "delete_productstorestock"}}, {"model": "auth.permission", "pk": 28, "fields": {"name": "Can view product store stock", "content_type": 6, "codename": "view_productstorestock"}}, {"model": "auth.permission", "pk": 29, "fields": {"name": "Can add log entry", "content_type": 8, "codename": "add_logentry"}}, {"model": "auth.permission", "pk": 30, "fields": {"name": "Can change log entry", "content_type": 8, "codename": "change_logentry"}}, {"model": "auth.permission", "pk": 31, "fields": {"name": "Can delete log entry", "content_type": 8, "codename": "delete_logentry"}}, {"model": "auth.permission", "pk": 32, "fields": {"name": "Can view log entry", "content_type": 8, "codename": "view_logentry"}}, {"model": "auth.permission", "pk": 33, "fields": {"name": "Can add permission", "content_type": 10, "codename": "add_permission"}}, {"model": "auth.permission", "pk": 34, "fields": {"name": "Can change permission", "content_type": 10, "codename": "change_permission"}}, {"model": "auth.permission", "pk": 35, "fields": {"name": "Can delete permission", "content_type": 10, "codename": "delete_permission"}}, {"model": "auth.permission", "pk": 36, "fields": {"name": "Can view permission", "content_type": 10, "codename": "view_permission"}}, {"model": "auth.permission", "pk": 37, "fields": {"name": "Can add group", "content_type": 9, "codename": "add_group"}}, {"model": "auth.permission", "pk": 38, "fields": {"name": "Can change group", "content_type": 9, "codename": "change_group"}}, {"model": "auth.permission", "pk": 39, "fields": {"name": "Can delete group", "content_type": 9, "codename": "delete_group"}}, {"model": "auth.permission", "pk": 40, "fields": {"name": "Can view group", "content_type": 9, "codename": "view_group"}}, {"model": "auth.permission", "pk": 41, "fields": {"name": "Can add content type", "content_type": 11, "codename": "add_contenttype"}}, {"model": "auth.permission", "pk": 42, "fields": {"name": "Can change content type", "content_type": 11, "codename": "change_contenttype"}}, {"model": "auth.permission", "pk": 43, "fields": {"name": "Can delete content type", "content_type": 11, "codename": "delete_contenttype"}}, {"model": "auth.permission", "pk": 44, "fields": {"name": "Can view content type", "content_type": 11, "codename": "view_contenttype"}}, {"model": "auth.permission", "pk": 45, "fields": {"name": "Can add session", "content_type": 12, "codename": "add_session"}}, {"model": "auth.permission", "pk": 46, "fields": {"name": "Can change session", "content_type": 12, "codename": "change_session"}}, {"model": "auth.permission", "pk": 47, "fields": {"name": "Can delete session", "content_type": 12, "codename": "delete_session"}}, {"model": "auth.permission", "pk": 48, "fields": {"name": "Can view session", "content_type": 12, "codename": "view_session"}}, {"model": "contenttypes.contenttype", "pk": 1, "fields": {"app_label": "equipements", "model": "product"}}, {"model": "contenttypes.contenttype", "pk": 2, "fields": {"app_label": "equipements", "model": "productfeatures"}}, {"model": "contenttypes.contenttype", "pk": 3, "fields": {"app_label": "equipements", "model": "productimages"}}, {"model": "contenttypes.contenttype", "pk": 4, "fields": {"app_label": "equipements", "model": "productlevels"}}, {"model": "contenttypes.contenttype", "pk": 5, "fields": {"app_label": "equipements", "model": "productsports"}}, {"model": "contenttypes.contenttype", "pk": 6, "fields": {"app_label": "equipements", "model": "productstorestock"}}, {"model": "contenttypes.contenttype", "pk": 7, "fields": {"app_label": "equipements", "model": "user"}}, {"model": "contenttypes.contenttype", "pk": 8, "fields": {"app_label": "admin", "model": "logentry"}}, {"model": "contenttypes.contenttype", "pk": 9, "fields": {"app_label": "auth", "model": "group"}}, {"model": "contenttypes.contenttype", "pk": 10, "fields": {"app_label": "auth", "model": "permission"}}, {"model": "contenttypes.contenttype", "pk": 11, "fields": {"app_label": "contenttypes", "model": "contenttype"}}, {"model": "contenttypes.contenttype", "pk": 12, "fields": {"app_label": "sessions", "model": "session"}}]
